employer_name,posting_url,location_state,location_city,employment_type,job_title,created_at,expiration_date,apply_start
CaseGuard,https://app.joinhandshake.com/jobs/9314227,Virginia,Arlington,Full-Time,Business Analyst,2024-09-18T14:04:11.080-04:00,2025-03-18T06:00:00.000-04:00,2024-09-18T06:00:00.000-04:00
Salesforce,https://app.joinhandshake.com/jobs/9294944,California,San Francisco Bay Area,Full-Time,Summer 2025 Intern - Software Engineer,2024-09-12T10:54:18.039-04:00,2025-03-28T06:00:00.000-04:00,2024-09-12T06:00:00.000-04:00
Alignerr,https://app.joinhandshake.com/jobs/9304776,,,Part-Time,"Coders - AI Training (Freelance, Remote)",2024-09-16T13:03:50.452-04:00,2024-12-01T06:00:00.000-05:00,2024-09-16T06:00:00.000-04:00
"RELI Group, Inc.",https://app.joinhandshake.com/jobs/9246296,,,Part-Time,Project Analyst Intern,2024-08-28T17:00:31.046-04:00,2024-09-30T06:00:00.000-04:00,2024-08-28T06:00:00.000-04:00
Amazon,https://app.joinhandshake.com/jobs/9242272,,,Full-Time,Data Engineer Summer Internship – 2025 (US),2024-08-27T23:02:40.043-04:00,2025-04-30T09:00:00.000-04:00,2024-08-27T09:00:00.000-04:00
Salesforce,https://app.joinhandshake.com/jobs/9304416,California,San Francisco Bay Area,Full-Time,Software Engineering AMTS/MTS (New Grad),2024-09-16T12:07:42.246-04:00,2025-03-16T06:00:00.000-04:00,2024-09-16T06:00:00.000-04:00
Amazon,https://app.joinhandshake.com/jobs/9282058,British Columbia,Victoria,Part-Time,Jr. Software Development Engineer,2024-09-09T17:13:40.128-04:00,2025-03-09T10:00:00.000-04:00,2024-09-09T09:00:00.000-04:00
C3 AI,https://app.joinhandshake.com/jobs/9259862,California,Redwood City,Full-Time,Software Engineer - Intern (Summer 2025),2024-09-03T14:05:09.777-04:00,2025-03-03T09:00:00.000-05:00,2024-09-03T09:00:00.000-04:00
Coursicle,https://app.joinhandshake.com/jobs/8926051,New York,New York,Full-Time,Software Engineer in NYC,2024-05-21T02:55:26.908-04:00,2024-09-30T06:00:00.000-04:00,2024-04-26T06:00:00.000-04:00
C3 AI,https://app.joinhandshake.com/jobs/9259836,California,Redwood City,Full-Time,Data Science - Intern (Summer 2025),2024-09-03T14:01:41.203-04:00,2025-03-01T09:00:00.000-05:00,2024-09-03T09:00:00.000-04:00
Dash Technologies Inc,https://app.joinhandshake.com/jobs/9124719,Ohio,Columbus,Full-Time,Data Scientist,2024-07-18T16:25:16.534-04:00,2024-12-20T07:00:00.000-05:00,2024-07-18T07:00:00.000-04:00
Bentley Systems,https://app.joinhandshake.com/jobs/9176831,Pennsylvania,Exton,Full-Time,Software Development Intern,2024-08-07T12:24:00.099-04:00,2025-02-07T06:00:00.000-05:00,2024-08-30T06:00:00.000-04:00
Find Me,https://app.joinhandshake.com/jobs/9283027,,,Part-Time,Cloud Infrastructure Intern (AWS/Azure) – Unpaid,2024-09-13T13:30:52.794-04:00,2025-03-09T07:00:00.000-04:00,2024-09-09T06:00:00.000-04:00
Seed Oil Scout,https://app.joinhandshake.com/jobs/9281706,,,Full-Time,Software Engineer,2024-09-09T16:24:01.494-04:00,2025-03-09T07:00:00.000-04:00,2024-09-09T06:00:00.000-04:00
Roblox,https://app.joinhandshake.com/jobs/9172836,California,San Mateo,Full-Time,[Summer 2025] Software Engineer - Intern,2024-08-06T12:58:00.251-04:00,2025-02-06T09:00:00.000-05:00,2024-08-06T09:00:00.000-04:00
Riveting Technology,https://app.joinhandshake.com/jobs/9154549,,,Part-Time,AI/Data Science Intern,2024-07-31T02:40:02.646-04:00,2025-01-30T08:00:00.000-05:00,2024-07-30T09:00:00.000-04:00
TravelWits,https://app.joinhandshake.com/jobs/8952478,Pennsylvania,Pittsburgh,Full-Time,Software Engineer,2024-08-07T15:25:48.963-04:00,2024-11-06T20:00:00.000-05:00,2024-05-06T21:00:00.000-04:00
Verite Group,https://app.joinhandshake.com/jobs/9145478,Virginia,Sterling,Full-Time,Software Engineer - R24-050,2024-07-26T15:11:28.312-04:00,2025-07-25T06:00:00.000-04:00,2024-07-26T06:00:00.000-04:00
Persona Identities,https://app.joinhandshake.com/jobs/9295896,California,San Francisco,Full-Time,Technical Rotation Program (for Software Engineers),2024-09-12T12:55:30.820-04:00,2024-09-29T09:00:00.000-04:00,2024-09-12T09:00:00.000-04:00
"CyberVillage Networkers, Inc.",https://app.joinhandshake.com/jobs/9160032,Maryland,Ellicott City,Full-Time,iOS App Developer,2024-08-01T12:11:32.214-04:00,2025-02-01T06:00:00.000-05:00,2024-08-01T06:00:00.000-04:00
TikTok Inc.,https://app.joinhandshake.com/jobs/9295506,California,San Jose,Full-Time,Software Engineer Graduate (Experimentation and Evaluation) - 2025 Start (BS/MS),2024-09-12T12:10:00.525-04:00,2025-08-30T08:00:00.000-04:00,2024-09-12T08:00:00.000-04:00
Horizon Labs,https://app.joinhandshake.com/jobs/9223333,,,Part-Time,Back-end Developer Intern - Part time remote,2024-08-22T02:53:28.925-04:00,2025-01-01T01:00:00.000-05:00,2024-08-22T01:00:00.000-04:00
"Altera.AL, Inc",https://app.joinhandshake.com/jobs/9067494,California,Menlo Park,Full-Time,Software Engineer,2024-06-27T13:01:21.349-04:00,2024-12-24T09:00:00.000-05:00,2024-06-24T09:00:00.000-04:00
RedShred,https://app.joinhandshake.com/jobs/9158879,Maryland,Baltimore,Full-Time,Senior NLP Data Scientist,2024-08-01T09:15:35.969-04:00,2025-02-01T06:00:00.000-05:00,2024-08-01T06:00:00.000-04:00
Palantir Technologies,https://app.joinhandshake.com/jobs/9249815,Colorado,Denver,Full-Time,"Software Engineer, Internship - Denver",2024-08-29T14:20:29.107-04:00,2024-12-02T06:00:00.000-05:00,2024-08-29T06:00:00.000-04:00
Horizon Labs,https://app.joinhandshake.com/jobs/9223331,,,Full-Time,Front-end Developer Intern - Full time remote,2024-08-22T02:45:55.489-04:00,2025-01-01T01:00:00.000-05:00,2024-08-22T01:00:00.000-04:00
Horizon Labs,https://app.joinhandshake.com/jobs/9223332,,,Full-Time,Back-end Developer Intern - Full time remote,2024-08-22T02:49:37.958-04:00,2025-01-01T01:00:00.000-05:00,2024-08-22T01:00:00.000-04:00
Trip.com Group,https://app.joinhandshake.com/jobs/9257355,,Shanghai,Full-Time,Business Data Analysis（Only for Chinese students）,2024-09-03T01:33:46.496-04:00,2025-03-02T17:00:00.000-05:00,2024-09-02T18:00:00.000-04:00
Data-Core Systems Inc.,https://app.joinhandshake.com/jobs/9276281,Pennsylvania,Harrisburg,Full-Time,Junior Data Scientist,2024-09-06T16:32:59.567-04:00,2024-11-30T06:00:00.000-05:00,2024-09-06T06:00:00.000-04:00
TikTok Inc.,https://app.joinhandshake.com/jobs/9105471,California,San Jose,Full-Time,Machine Learning Engineer Intern (Foundation Model Applications)- 2024 Off-Cycle (PHD),2024-07-11T11:54:18.182-04:00,2025-01-11T07:00:00.000-05:00,2024-07-11T08:00:00.000-04:00
"Computer Packages, Inc.",https://app.joinhandshake.com/jobs/8847033,Maryland,Rockville,Full-Time,Application Developer,2024-04-01T16:00:23.442-04:00,2024-10-01T06:00:00.000-04:00,2024-04-01T06:00:00.000-04:00
Horizon Labs,https://app.joinhandshake.com/jobs/9223329,,,Part-Time,Front-end Developer Intern - Part time remote,2024-08-22T02:41:08.454-04:00,2025-01-01T01:00:00.000-05:00,2024-08-22T01:00:00.000-04:00
Amazon,https://app.joinhandshake.com/jobs/9242268,,,Full-Time,Business Intelligence Engineer Summer Internship – 2025 (US),2024-08-27T23:04:51.583-04:00,2025-04-30T09:00:00.000-04:00,2024-08-27T09:00:00.000-04:00
Palantir Technologies,https://app.joinhandshake.com/jobs/9180452,Colorado,Denver,Full-Time,"Software Engineer, New Grad - Denver",2024-08-08T11:00:29.382-04:00,2025-01-01T06:00:00.000-05:00,2024-08-08T06:00:00.000-04:00
Horizon Labs,https://app.joinhandshake.com/jobs/9166983,,,Full-Time,Front-end Developer Intern,2024-08-05T03:03:57.879-04:00,2025-01-01T01:00:00.000-05:00,2024-08-05T01:00:00.000-04:00
GibsonAI,https://app.joinhandshake.com/jobs/8983297,,,Full-Time,"Software Engineer, AI",2024-05-17T09:59:54.035-04:00,2024-11-17T06:00:00.000-05:00,2024-05-17T06:00:00.000-04:00
"Blueera Technologies, Inc.",https://app.joinhandshake.com/jobs/9213218,Alabama,Athens,Full-Time,Java Full Stack Developer,2024-09-06T12:43:59.303-04:00,2025-02-19T06:00:00.000-05:00,2024-08-19T06:00:00.000-04:00
Lica World,https://app.joinhandshake.com/jobs/9156899,California,Bay Area,Full-Time,Full Stack Engineer Intern,2024-07-31T15:04:26.753-04:00,2025-01-31T09:00:00.000-05:00,2024-07-31T09:00:00.000-04:00
Amazon,https://app.joinhandshake.com/jobs/9214106,,,Full-Time,Technical Program Manager Summer Internship – 2025 (US),2024-08-20T09:14:30.547-04:00,2025-03-31T06:00:00.000-04:00,2024-08-20T06:00:00.000-04:00
"Resilience, Inc.",https://app.joinhandshake.com/jobs/8879451,,,Part-Time,Researcher/Data Analyst,2024-04-10T20:39:14.136-04:00,2024-10-10T09:00:00.000-04:00,2024-04-10T09:00:00.000-04:00
Owl Cyber Defense,https://app.joinhandshake.com/jobs/9211702,Maryland,Columbia,Full-Time,Engineering Intern,2024-08-19T14:20:36.537-04:00,2025-03-03T06:00:00.000-05:00,2024-09-03T06:00:00.000-04:00
"Google, Inc.",https://app.joinhandshake.com/jobs/9311365,New York,New York,Full-Time,"Customer Growth Associate, Google Customer Solutions (NYC)",2024-09-17T17:11:28.654-04:00,2024-10-01T07:00:00.000-04:00,2024-09-17T07:00:00.000-04:00
Palantir Technologies,https://app.joinhandshake.com/jobs/9083315,New York,New York,Full-Time,"Software Engineer, New Grad - NY",2024-07-01T15:14:59.763-04:00,2024-12-02T06:00:00.000-05:00,2024-07-01T06:00:00.000-04:00
Gabriel AI,https://app.joinhandshake.com/jobs/8726309,,,Part-Time,Software Engineer Intern,2024-04-29T20:27:56.838-04:00,2024-12-19T10:00:00.000-05:00,2024-02-23T10:00:00.000-05:00
Qualtrics,https://app.joinhandshake.com/jobs/9305691,Utah,Provo,Full-Time,Product Specialist,2024-09-16T15:18:27.235-04:00,2025-03-16T08:00:00.000-04:00,2024-09-16T08:00:00.000-04:00
Data-Core Systems Inc.,https://app.joinhandshake.com/jobs/9086347,Pennsylvania,Harrisburg,Full-Time,Business Analyst,2024-07-02T14:30:19.815-04:00,2024-09-30T06:00:00.000-04:00,2024-07-02T06:00:00.000-04:00
Persona Identities,https://app.joinhandshake.com/jobs/9287939,California,San Francisco,Full-Time,Technical Leadership Program (San Francisco),2024-09-10T20:32:25.077-04:00,2024-09-29T09:00:00.000-04:00,2024-09-10T09:00:00.000-04:00
"RELI Group, Inc.",https://app.joinhandshake.com/jobs/9201079,Maryland,Catonsville,Part-Time,IT Support Intern,2024-08-15T09:25:51.403-04:00,2025-02-15T06:00:00.000-05:00,2024-08-15T06:00:00.000-04:00
Uber,https://app.joinhandshake.com/jobs/9301516,California,San Francisco Bay Area,Full-Time,Strategic Finance Intern,2024-09-13T16:00:41.190-04:00,2024-09-25T07:00:00.000-04:00,2024-09-13T07:00:00.000-04:00
"Blueera Technologies, Inc.",https://app.joinhandshake.com/jobs/9271456,Ohio,Ohio City,Full-Time,DevOps Engineer,2024-09-06T11:33:29.467-04:00,2025-03-05T19:30:00.000-05:00,2024-09-05T20:30:00.000-04:00
xAI,https://app.joinhandshake.com/jobs/9185592,,,Full-Time,AI Tutor (Full-Time),2024-08-09T14:39:57.200-04:00,2024-09-30T06:00:00.000-04:00,2024-08-09T06:00:00.000-04:00
"Computer Packages, Inc.",https://app.joinhandshake.com/jobs/8965534,Maryland,Rockville,Full-Time,Programmer,2024-05-09T20:23:15.449-04:00,2024-11-09T06:00:00.000-05:00,2024-05-09T06:00:00.000-04:00
Persona Identities,https://app.joinhandshake.com/jobs/9287983,California,San Francisco Bay Area,Full-Time,Business Leadership Program (San Francisco),2024-09-10T21:12:31.533-04:00,2024-09-29T09:00:00.000-04:00,2024-09-10T09:00:00.000-04:00
Trip.com Group,https://app.joinhandshake.com/jobs/9257375,,Shanghai,Full-Time,Eagle Program Trainee-Back-end Development Engineer（Only for Chinese students）,2024-09-03T02:33:26.073-04:00,2025-03-02T17:00:00.000-05:00,2024-09-02T18:00:00.000-04:00
TikTok Inc.,https://app.joinhandshake.com/jobs/9105440,Ontario,Toronto,Full-Time,Machine Learning Engineer Intern (Data-TnS-Algo) - 2024 Start (BS/MS/PhD),2024-07-11T11:48:33.435-04:00,2025-01-11T07:00:00.000-05:00,2024-07-11T08:00:00.000-04:00
TikTok Inc.,https://app.joinhandshake.com/jobs/9105557,California,San Jose,Full-Time,Research Scientist Intern (TikTok Core Recommendation) - 2024 Off-Cycle (PhD),2024-07-11T12:17:22.243-04:00,2025-01-11T07:00:00.000-05:00,2024-07-11T08:00:00.000-04:00
"IT-CNP, Inc.",https://app.joinhandshake.com/jobs/9258989,District of Columbia,Washington,Full-Time,IT Security Analyst,2024-09-03T12:28:08.848-04:00,2025-03-03T06:00:00.000-05:00,2024-09-03T06:00:00.000-04:00
Palantir Technologies,https://app.joinhandshake.com/jobs/9084486,Washington,Seattle,Full-Time,"Software Engineer, Internship - Seattle",2024-07-01T20:43:22.990-04:00,2024-12-02T06:00:00.000-05:00,2024-07-01T06:00:00.000-04:00
"Blueera Technologies, Inc.",https://app.joinhandshake.com/jobs/9310127,California,San Francisco,Full-Time,Android Developer,2024-09-17T14:53:23.781-04:00,2024-12-17T19:30:00.000-05:00,2024-09-17T20:30:00.000-04:00
Horizon Labs,https://app.joinhandshake.com/jobs/9166982,,,Full-Time,Back-End Developer Intern,2024-08-05T03:00:34.507-04:00,2025-01-01T01:00:00.000-05:00,2024-08-05T01:00:00.000-04:00
"Blueera Technologies, Inc.",https://app.joinhandshake.com/jobs/9081552,Pennsylvania,California,Full-Time,Salesforce Developer,2024-07-01T10:20:51.933-04:00,2025-02-26T19:30:00.000-05:00,2024-08-15T20:30:00.000-04:00
"Blueera Technologies, Inc.",https://app.joinhandshake.com/jobs/9022344,Pennsylvania,Fleetwood,Full-Time,Salesforce Developer,2024-06-04T16:37:01.299-04:00,2024-12-04T09:00:00.000-05:00,2024-06-04T09:00:00.000-04:00
"Resilience, Inc.",https://app.joinhandshake.com/jobs/9277726,,,Part-Time,Web Development Coordinator,2024-09-08T23:47:26.566-04:00,2024-12-08T06:00:00.000-05:00,2024-09-08T06:00:00.000-04:00
Palantir Technologies,https://app.joinhandshake.com/jobs/9084469,District of Columbia,Washington,Full-Time,"Software Engineer, Internship - DC",2024-07-01T20:27:13.690-04:00,2024-12-02T06:00:00.000-05:00,2024-07-01T06:00:00.000-04:00
"Computer Packages, Inc.",https://app.joinhandshake.com/jobs/9102172,Maryland,Rockville,Full-Time,Software Trainer,2024-07-10T12:27:42.244-04:00,2025-01-10T06:00:00.000-05:00,2024-07-10T06:00:00.000-04:00
Lica World,https://app.joinhandshake.com/jobs/9156861,California,Bay Area,Full-Time,Front End Design Engineer Intern,2024-07-31T15:02:20.289-04:00,2025-01-31T09:00:00.000-05:00,2024-07-31T09:00:00.000-04:00
Lica World,https://app.joinhandshake.com/jobs/9149754,California,Bay Area,Full-Time,Research Engineering Intern,2024-07-30T13:09:45.523-04:00,2025-01-29T09:00:00.000-05:00,2024-07-29T09:00:00.000-04:00
Seed Oil Scout,https://app.joinhandshake.com/jobs/9232504,,,Part-Time,Data Science Intern,2024-08-26T09:01:35.072-04:00,2025-02-26T06:00:00.000-05:00,2024-08-26T06:00:00.000-04:00
"Blueera Technologies, Inc.",https://app.joinhandshake.com/jobs/8984736,Texas,Plano,Full-Time,Power Bi developer,2024-05-17T14:50:32.906-04:00,2024-11-17T09:00:00.000-05:00,2024-05-17T09:00:00.000-04:00
Bmore Studio,https://app.joinhandshake.com/jobs/9261056,Maryland,Baltimore,Full-Time,TikTok Operations Intern,2024-09-03T16:12:32.930-04:00,2025-03-03T06:00:00.000-05:00,2024-09-03T06:00:00.000-04:00
Palantir Technologies,https://app.joinhandshake.com/jobs/9084476,New York,New York,Full-Time,"Software Engineer, Internship - NY",2024-07-01T20:39:00.145-04:00,2024-12-02T06:00:00.000-05:00,2024-07-01T06:00:00.000-04:00
"Resilience, Inc.",https://app.joinhandshake.com/jobs/8878971,,,Part-Time,AI Software Developer,2024-04-10T17:17:23.368-04:00,2024-10-10T09:00:00.000-04:00,2024-04-10T09:00:00.000-04:00
think-cell Software GmbH,https://app.joinhandshake.com/jobs/9288251,,Berlin,Full-Time,C++ Developer (f/m/d),2024-09-11T04:22:15.635-04:00,2025-09-10T23:00:00.000-04:00,2024-09-11T00:00:00.000-04:00
"CyberVillage Networkers, Inc.",https://app.joinhandshake.com/jobs/9233489,Maryland,Ellicott City,Full-Time,Project Manager,2024-08-26T11:28:27.323-04:00,2025-02-26T06:00:00.000-05:00,2024-08-26T06:00:00.000-04:00
Tanbii,https://app.joinhandshake.com/jobs/8982696,,,Part-Time,Eco-Gaming Developer Intern,2024-05-16T19:45:01.065-04:00,2024-11-16T09:00:00.000-05:00,2024-05-16T09:00:00.000-04:00
Salesforce,https://app.joinhandshake.com/jobs/9296679,California,San Francisco,Full-Time,Security Systems Engineer,2024-09-12T14:46:47.857-04:00,2024-10-18T09:00:00.000-04:00,2024-09-12T09:00:00.000-04:00
Palantir Technologies,https://app.joinhandshake.com/jobs/9083197,New York,New York,Full-Time,"Forward Deployed Software Engineer, New Grad - NY",2024-07-01T14:56:55.813-04:00,2024-12-02T06:00:00.000-05:00,2024-07-01T06:00:00.000-04:00
Horizon Labs,https://app.joinhandshake.com/jobs/9166975,,,Part-Time,Front-end Developer Intern,2024-08-05T02:36:06.702-04:00,2025-01-01T01:00:00.000-05:00,2024-08-05T01:00:00.000-04:00
Manifest,https://app.joinhandshake.com/jobs/9014085,,,Full-Time,iOS Developer for Mental Health Support,2024-05-31T13:43:29.888-04:00,2024-09-30T06:00:00.000-04:00,2024-05-31T06:00:00.000-04:00
"Computer Packages, Inc.",https://app.joinhandshake.com/jobs/8833014,Maryland,Rockville,Full-Time,System Engineer,2024-03-27T11:15:31.406-04:00,2024-09-27T06:00:00.000-04:00,2024-03-27T06:00:00.000-04:00
Amazon,https://app.joinhandshake.com/jobs/9214090,,,Full-Time,Quality Assurance Engineer Summer Internship – 2025 (US),2024-08-20T09:08:37.197-04:00,2025-03-31T06:00:00.000-04:00,2024-08-20T06:00:00.000-04:00
"CyberVillage Networkers, Inc.",https://app.joinhandshake.com/jobs/9155849,Maryland,Ellicott City,Full-Time,Web And Graphic Designer,2024-07-31T12:15:34.003-04:00,2025-01-31T06:00:00.000-05:00,2024-07-31T06:00:00.000-04:00
Palantir Technologies,https://app.joinhandshake.com/jobs/9084466,California,Palo Alto,Full-Time,"Software Engineer, Internship - Palo Alto",2024-07-01T20:21:06.201-04:00,2024-12-02T06:00:00.000-05:00,2024-07-01T06:00:00.000-04:00
"Google, Inc.",https://app.joinhandshake.com/jobs/9311337,California,San Francisco,Full-Time,"Customer Growth Associate, Google Customer Solutions (SF)",2024-09-17T17:14:27.652-04:00,2024-10-01T07:00:00.000-04:00,2024-09-17T07:00:00.000-04:00
think-cell Software GmbH,https://app.joinhandshake.com/jobs/8722667,,Berlin,Full-Time,C++ Internship (f/m/d),2024-02-23T07:11:45.147-05:00,2024-10-31T01:00:00.000-04:00,2024-02-23T00:00:00.000-05:00
"Blueera Technologies, Inc.",https://app.joinhandshake.com/jobs/9210395,Texas,Dallas,Full-Time,.NET Developer,2024-08-19T11:30:05.744-04:00,2025-02-19T06:00:00.000-05:00,2024-08-19T06:00:00.000-04:00
Illumio,https://app.joinhandshake.com/jobs/9267636,California,Sunnyvale,Full-Time,Software Engineer ,2024-09-04T21:58:57.988-04:00,2025-01-31T09:00:00.000-05:00,2024-09-04T09:00:00.000-04:00
"Blueera Technologies, Inc.",https://app.joinhandshake.com/jobs/9020237,Indiana,Indianapolis,Full-Time,DevOps Engineer,2024-06-04T11:06:12.761-04:00,2024-12-04T09:00:00.000-05:00,2024-06-04T09:00:00.000-04:00
Alignerr,https://app.joinhandshake.com/jobs/9321143,,,Part-Time,"AI Trainer for Genetics (Freelance, Remote)",2024-09-20T10:23:08.544-04:00,2024-12-01T06:00:00.000-05:00,2024-09-20T06:00:00.000-04:00
"Blueera Technologies, Inc.",https://app.joinhandshake.com/jobs/8869688,Texas,Plano,Full-Time,Android Developer,2024-04-08T15:55:41.679-04:00,2024-10-08T09:00:00.000-04:00,2024-04-08T09:00:00.000-04:00
Horizon Labs,https://app.joinhandshake.com/jobs/9166974,,,Part-Time,Back-End Developer Intern,2024-08-05T02:32:20.746-04:00,2025-01-01T01:00:00.000-05:00,2024-08-05T01:00:00.000-04:00
"Google, Inc.",https://app.joinhandshake.com/jobs/9311606,Illinois,Chicago,Full-Time,"Account Manager Associate, Large Client Sales",2024-09-17T18:01:39.663-04:00,2024-10-01T07:00:00.000-04:00,2024-09-17T07:00:00.000-04:00
Alignerr,https://app.joinhandshake.com/jobs/9304677,,,Part-Time,"AI Trainer for Hindi Writers/Speakers (Freelance, Remote)",2024-09-16T12:44:57.237-04:00,2024-12-01T06:00:00.000-05:00,2024-09-16T06:00:00.000-04:00
Praetorian,https://app.joinhandshake.com/jobs/9115018,,,Full-Time,Offensive Security Engineer (Remote US),2024-07-16T08:58:21.891-04:00,2025-01-16T06:00:00.000-05:00,2024-07-16T06:00:00.000-04:00
Amazon,https://app.joinhandshake.com/jobs/9242246,,,Full-Time,Security Engineer Summer Internship – 2025 (US),2024-08-27T22:26:15.470-04:00,2025-04-30T09:00:00.000-04:00,2024-08-27T09:00:00.000-04:00
"Blueera Technologies, Inc.",https://app.joinhandshake.com/jobs/9016513,Maryland,California,Full-Time,.NET Developer,2024-06-03T10:44:04.737-04:00,2024-12-02T19:30:00.000-05:00,2024-06-02T20:30:00.000-04:00
Find Me,https://app.joinhandshake.com/jobs/9259218,,,Part-Time,Product Manager,2024-09-03T12:52:11.059-04:00,2024-12-03T06:00:00.000-05:00,2024-09-03T06:00:00.000-04:00
NexusDevops,https://app.joinhandshake.com/jobs/9306199,,,Part-Time,Search Engine and Recommendation Algorithm,2024-09-16T16:22:33.502-04:00,2025-03-15T07:00:00.000-04:00,2024-09-15T07:00:00.000-04:00
"Google, Inc.",https://app.joinhandshake.com/jobs/9222779,New York,New York,Full-Time,"Account Strategist, Mid-Market Sales, Google Customer Solutions (NYC)",2024-08-21T19:09:03.569-04:00,2024-11-21T09:00:00.000-05:00,2024-08-21T09:00:00.000-04:00
Untethered Labs,https://app.joinhandshake.com/jobs/9222503,Maryland,Greenbelt,Part-Time,Seasonal Quality Assurance (QA) Technicians,2024-08-21T17:39:08.663-04:00,2024-09-30T06:00:00.000-04:00,2024-08-21T06:00:00.000-04:00
Amazon,https://app.joinhandshake.com/jobs/9242235,,,Full-Time,Technical Writer Summer Internship – 2025 (US),2024-08-27T22:22:15.266-04:00,2025-04-30T09:00:00.000-04:00,2024-08-27T09:00:00.000-04:00
Brightfind,https://app.joinhandshake.com/jobs/9195111,,,Part-Time,Digital Marketing Intern,2024-08-13T16:09:58.906-04:00,2024-09-30T06:00:00.000-04:00,2024-08-13T06:00:00.000-04:00
Horizon Labs,https://app.joinhandshake.com/jobs/9223340,,,Full-Time,Product Manager Intern - Full time remote,2024-08-22T02:59:14.064-04:00,2025-01-01T01:00:00.000-05:00,2024-08-22T01:00:00.000-04:00
CaseGuard,https://app.joinhandshake.com/jobs/9206950,Virginia,Arlington,Full-Time,Marketing Specialist,2024-08-16T14:00:14.541-04:00,2025-02-16T06:00:00.000-05:00,2024-08-16T06:00:00.000-04:00
Trip.com Group,https://app.joinhandshake.com/jobs/9257376,,Shanghai,Full-Time,Eagle Program Trainee-Machine Learning Engineer（Only for Chinese students）,2024-09-03T03:00:42.432-04:00,2025-03-02T17:00:00.000-05:00,2024-09-02T18:00:00.000-04:00
PieJob Corp,https://app.joinhandshake.com/jobs/9151399,,,Part-Time,Remote Teaching Assistant (Education),2024-07-30T10:59:52.996-04:00,2025-01-30T06:00:00.000-05:00,2024-07-30T06:00:00.000-04:00
"Computer Packages, Inc.",https://app.joinhandshake.com/jobs/9100183,Maryland,Rockville,Full-Time,Docketing Specialist,2024-07-09T17:26:37.309-04:00,2025-01-09T06:00:00.000-05:00,2024-07-09T06:00:00.000-04:00
"Resilience, Inc.",https://app.joinhandshake.com/jobs/8879463,,,Part-Time,Web Development Coordinator,2024-04-10T20:54:46.512-04:00,2024-10-10T09:00:00.000-04:00,2024-04-10T09:00:00.000-04:00
Chowbus,https://app.joinhandshake.com/jobs/9234943,Illinois,Chicago,Full-Time,Site Reliability Engineer_Mandarin Speaking,2024-08-26T14:33:42.561-04:00,2024-12-31T06:00:00.000-05:00,2024-08-26T06:00:00.000-04:00
CAI3p0,https://app.joinhandshake.com/jobs/9255758,,,Part-Time,Applied AI and Entrepreneurship Intern,2024-08-30T18:29:46.491-04:00,2024-09-30T19:00:00.000-04:00,2024-09-01T07:00:00.000-04:00
Horizon Labs,https://app.joinhandshake.com/jobs/9166987,,,Full-Time,UI/UX Designer Intern,2024-08-05T03:10:45.632-04:00,2025-01-01T01:00:00.000-05:00,2024-08-05T01:00:00.000-04:00
Amazon,https://app.joinhandshake.com/jobs/9192718,,,Full-Time,Product Design Engineer Internship – 2025 (US),2024-08-13T11:02:24.913-04:00,2025-04-30T06:00:00.000-04:00,2024-08-13T06:00:00.000-04:00
TikTok Inc.,https://app.joinhandshake.com/jobs/9105517,Washington,Seattle,Full-Time,Research Scientist Intern - TikTok Core Recommendation - 2024 Off-Cycle (PhD),2024-07-11T12:06:01.830-04:00,2025-01-11T07:00:00.000-05:00,2024-07-11T08:00:00.000-04:00
Persona Identities,https://app.joinhandshake.com/jobs/9225694,California,San Francisco,Full-Time,Associate Solutions Consultant,2024-08-22T14:13:45.323-04:00,2024-09-27T09:00:00.000-04:00,2024-08-22T09:00:00.000-04:00
Horizon Labs,https://app.joinhandshake.com/jobs/9166985,,,Full-Time,Product Manager Intern,2024-08-05T03:06:55.010-04:00,2025-01-01T01:00:00.000-05:00,2024-08-05T01:00:00.000-04:00
Palantir Technologies,https://app.joinhandshake.com/jobs/9084499,New York,New York,Full-Time,"Forward Deployed Software Engineer, Internship - NY",2024-07-01T21:00:52.025-04:00,2024-12-02T06:00:00.000-05:00,2024-07-01T06:00:00.000-04:00
"Resilience, Inc.",https://app.joinhandshake.com/jobs/8879032,,,Part-Time,Cyber Security Analyst,2024-04-10T17:31:59.061-04:00,2024-10-10T09:00:00.000-04:00,2024-04-10T09:00:00.000-04:00
"Resilience, Inc.",https://app.joinhandshake.com/jobs/9035267,,,Part-Time,Web/App Development Director,2024-06-10T15:05:42.484-04:00,2024-12-10T07:00:00.000-05:00,2024-06-10T07:00:00.000-04:00
"CyberVillage Networkers, Inc.",https://app.joinhandshake.com/jobs/9154470,Maryland,Ellicott City,Full-Time,Administrative Assistance,2024-07-30T23:34:53.061-04:00,2025-01-30T06:00:00.000-05:00,2024-07-30T06:00:00.000-04:00
Alignerr,https://app.joinhandshake.com/jobs/9304714,,,Part-Time,"AI Trainer for Spanish Writers/Speakers (Freelance, Remote)",2024-09-16T12:49:35.868-04:00,2024-12-01T06:00:00.000-05:00,2024-09-16T06:00:00.000-04:00
Amazon,https://app.joinhandshake.com/jobs/9306645,Pennsylvania,Tremont,Full-Time,"Amazon Fulfillment Center Associate- Tremont, PA",2024-09-16T17:37:17.612-04:00,2025-03-16T06:00:00.000-04:00,2024-09-16T06:00:00.000-04:00
"Resilience, Inc.",https://app.joinhandshake.com/jobs/9196057,,,Part-Time,Project Manager,2024-08-13T18:40:13.677-04:00,2024-12-31T07:00:00.000-05:00,2024-08-13T07:00:00.000-04:00
Verkada,https://app.joinhandshake.com/jobs/9216301,California,San Mateo,Full-Time,Supply Chain (Winter Undergraduate Co-op),2024-08-20T14:18:49.512-04:00,2024-10-25T09:00:00.000-04:00,2024-08-20T09:00:00.000-04:00
Horizon Labs,https://app.joinhandshake.com/jobs/9223338,,,Part-Time,Product Manager Intern - Part time remote,2024-08-22T02:57:49.931-04:00,2025-01-01T01:00:00.000-05:00,2024-08-22T01:00:00.000-04:00
"Resilience, Inc.",https://app.joinhandshake.com/jobs/9012632,,,Part-Time,WordPress Developer,2024-05-30T20:48:48.780-04:00,2024-11-30T09:00:00.000-05:00,2024-05-30T09:00:00.000-04:00
"Blueera Technologies, Inc.",https://app.joinhandshake.com/jobs/9283982,Texas,Texas City,Full-Time,.NET Developer ,2024-09-10T10:36:34.739-04:00,2025-03-10T06:00:00.000-04:00,2024-09-10T06:00:00.000-04:00
Find Me,https://app.joinhandshake.com/jobs/9173279,,,Part-Time,Web & Mobile Application Design Intern-Unpaid,2024-08-07T12:19:07.267-04:00,2025-02-06T06:00:00.000-05:00,2024-08-06T06:00:00.000-04:00
Bmore Studio,https://app.joinhandshake.com/jobs/9261988,Maryland,Baltimore,Part-Time,Live Streamer Talent,2024-09-03T18:31:06.074-04:00,2025-03-03T06:00:00.000-05:00,2024-09-03T06:00:00.000-04:00
Meta,https://app.joinhandshake.com/jobs/9267391,Massachusetts,Boston,Full-Time,Rotational Network Engineer (RNE),2024-09-04T19:41:48.421-04:00,2024-11-15T06:00:00.000-05:00,2024-09-04T06:00:00.000-04:00
xAI,https://app.joinhandshake.com/jobs/9185583,,,Full-Time,AI Coding Tutor,2024-08-09T14:40:23.234-04:00,2024-09-30T06:00:00.000-04:00,2024-08-09T06:00:00.000-04:00
Amazon,https://app.joinhandshake.com/jobs/9214078,,,Full-Time,Hardware Development Engineer Summer Internship – 2025 (US),2024-08-20T09:06:26.924-04:00,2025-04-30T06:00:00.000-04:00,2024-08-20T06:00:00.000-04:00
"RELI Group, Inc.",https://app.joinhandshake.com/jobs/8898378,Maryland,Windsor Mill,Part-Time,Part Time Office Assistant,2024-04-17T11:33:15.541-04:00,2025-01-31T00:00:00.000-05:00,2024-04-17T06:00:00.000-04:00
Riveting Technology,https://app.joinhandshake.com/jobs/9154552,,,Part-Time,Business Development Intern,2024-07-31T02:28:29.327-04:00,2025-01-30T08:00:00.000-05:00,2024-07-30T09:00:00.000-04:00
Horizon Labs,https://app.joinhandshake.com/jobs/9223346,,,Part-Time,Human Resource (HR) Intern - Part time remote,2024-08-22T04:15:02.145-04:00,2025-01-01T01:00:00.000-05:00,2024-08-22T01:00:00.000-04:00
Horizon Labs,https://app.joinhandshake.com/jobs/9223341,,,Full-Time,UI/UX Designer Intern - Full time remote,2024-08-22T03:01:48.006-04:00,2025-01-01T01:00:00.000-05:00,2024-08-22T01:00:00.000-04:00
Trip.com Group,https://app.joinhandshake.com/jobs/9257392,,Shanghai,Full-Time,Product Manager（English）（Only for Chinese students）,2024-09-03T03:12:19.562-04:00,2025-03-02T17:00:00.000-05:00,2024-09-02T18:00:00.000-04:00
ProWriterSites,https://app.joinhandshake.com/jobs/8958254,,,Part-Time,Content Writer (Remote),2024-05-08T03:14:03.647-04:00,2024-11-08T06:00:00.000-05:00,2024-05-08T06:00:00.000-04:00
Alignerr,https://app.joinhandshake.com/jobs/9304801,,,Part-Time,"AI Trainer for Thai Writers/Speakers (Freelance, Remote)",2024-09-16T12:59:52.619-04:00,2024-12-01T06:00:00.000-05:00,2024-09-16T06:00:00.000-04:00
adMarketplace,https://app.joinhandshake.com/jobs/9209048,New York,New York,Full-Time,Technical Account Manager,2024-08-18T13:08:09.431-04:00,2025-02-18T06:00:00.000-05:00,2024-08-18T06:00:00.000-04:00
Horizon Labs,https://app.joinhandshake.com/jobs/9223342,,,Part-Time,UI/UX Designer Intern - Part time remote,2024-08-22T03:04:17.613-04:00,2025-01-01T01:00:00.000-05:00,2024-08-22T01:00:00.000-04:00
"Computer Packages, Inc.",https://app.joinhandshake.com/jobs/9152762,Maryland,Rockville,Full-Time,IT Systems Administrator,2024-07-30T14:31:59.122-04:00,2025-01-30T06:00:00.000-05:00,2024-07-30T06:00:00.000-04:00
Untethered Labs,https://app.joinhandshake.com/jobs/9150215,Maryland,Greenbelt,Part-Time,Operations Intern (Summer and Fall 2024),2024-07-29T18:06:58.261-04:00,2025-01-01T06:00:00.000-05:00,2024-07-29T06:00:00.000-04:00
Alignerr,https://app.joinhandshake.com/jobs/9303782,,,Part-Time,"AI Trainer for Arabic Writers/Speakers (Freelance, Remote)",2024-09-16T10:23:23.980-04:00,2024-12-01T06:00:00.000-05:00,2024-09-16T06:00:00.000-04:00
PieJob Corp,https://app.joinhandshake.com/jobs/9151374,,,Part-Time,Remote Teaching Assistant,2024-07-30T10:56:20.556-04:00,2025-01-30T06:00:00.000-05:00,2024-07-30T06:00:00.000-04:00
Trip.com Group,https://app.joinhandshake.com/jobs/9257396,,Shanghai,Full-Time,International Finance Trainee（Only for non-Chinese students）,2024-09-03T03:20:42.522-04:00,2025-03-02T17:00:00.000-05:00,2024-09-02T18:00:00.000-04:00
Vinci Games (YC S22),https://app.joinhandshake.com/jobs/9297403,,,Part-Time,"Social Media & Content Creator Intern (Games, TikTok)",2024-09-12T16:02:24.925-04:00,2024-12-31T09:00:00.000-05:00,2024-09-12T09:00:00.000-04:00
Amazon,https://app.joinhandshake.com/jobs/9306525,Pennsylvania,Shippensburg,Full-Time,"Amazon Fulfillment Center Associate- Shippesburg, PA",2024-09-16T17:29:06.477-04:00,2025-03-16T06:00:00.000-04:00,2024-09-16T06:00:00.000-04:00
Shore Accountants,https://app.joinhandshake.com/jobs/9266069,Maryland,Grasonville,Part-Time,Tax Intern,2024-09-04T15:44:06.448-04:00,2025-03-04T06:00:00.000-05:00,2024-09-04T06:00:00.000-04:00
Planet Network Inc,https://app.joinhandshake.com/jobs/9285651,New Jersey,Newton,Full-Time,Sales and Business Development,2024-09-10T13:58:57.595-04:00,2025-03-10T06:00:00.000-04:00,2024-09-10T06:00:00.000-04:00
Horizon Labs,https://app.joinhandshake.com/jobs/9132419,,,Full-Time,Entrepreneur in Residence (EIR) Intern,2024-07-23T02:24:33.332-04:00,2025-01-23T01:00:00.000-05:00,2024-07-23T01:00:00.000-04:00
"Resilience, Inc.",https://app.joinhandshake.com/jobs/8879091,,,Part-Time,IT Helpdesk,2024-04-10T17:44:30.341-04:00,2024-10-10T09:00:00.000-04:00,2024-04-10T09:00:00.000-04:00
Moonman Labs,https://app.joinhandshake.com/jobs/8921904,Maryland,Baltimore,Full-Time,Innovation and Business Growth Internship,2024-04-25T15:40:29.167-04:00,2024-10-24T06:00:00.000-04:00,2024-04-24T06:00:00.000-04:00
"Fast Enterprises, LLC",https://app.joinhandshake.com/jobs/9287244,Colorado,Centennial,Full-Time,Technical Training Coordinator,2024-09-10T17:23:11.035-04:00,2025-01-10T07:00:00.000-05:00,2024-09-10T07:00:00.000-04:00
Amazon,https://app.joinhandshake.com/jobs/9318346,Virginia,Ashland,Part-Time,Amazon Sortation Center Warehouse Associate,2024-09-19T13:26:53.209-04:00,2025-03-19T06:00:00.000-04:00,2024-09-19T06:00:00.000-04:00
Alignerr,https://app.joinhandshake.com/jobs/9303746,,,Part-Time,"AI Trainer for Indonesian Writers/Speakers (Freelance, Remote)",2024-09-16T10:18:28.618-04:00,2024-12-01T06:00:00.000-05:00,2024-09-16T06:00:00.000-04:00
"Resilience, Inc.",https://app.joinhandshake.com/jobs/8949006,,,Part-Time,Game Development PC Developer,2024-05-03T18:00:41.824-04:00,2024-11-03T08:00:00.000-05:00,2024-05-03T09:00:00.000-04:00
Horizon Labs,https://app.joinhandshake.com/jobs/9223344,,,Full-Time,Content Marketing Intern - Full time remote,2024-08-22T03:11:15.386-04:00,2025-01-01T01:00:00.000-05:00,2024-08-22T01:00:00.000-04:00
Aeternum Llc,https://app.joinhandshake.com/jobs/9241670,District of Columbia,Washington,Full-Time,Business Development/Sales Associate,2024-08-27T17:30:43.230-04:00,2025-02-01T06:00:00.000-05:00,2024-08-27T06:00:00.000-04:00
"Resilience, Inc.",https://app.joinhandshake.com/jobs/9012635,,,Part-Time,Web Development Project Manager,2024-05-30T20:51:39.369-04:00,2024-11-30T09:00:00.000-05:00,2024-05-30T09:00:00.000-04:00
Trip.com Group,https://app.joinhandshake.com/jobs/9257394,,Shanghai,Full-Time,Product Market Analyst（Minor Languages）【For Chinese students or non-Chinese students studying in China】,2024-09-03T03:12:59.670-04:00,2025-03-02T17:00:00.000-05:00,2024-09-02T18:00:00.000-04:00
Planet Network Inc,https://app.joinhandshake.com/jobs/9290410,New Jersey,Newton,Full-Time,Customer Success Manager,2024-09-11T13:31:55.882-04:00,2025-03-11T06:00:00.000-04:00,2024-09-11T06:00:00.000-04:00
Horizon Labs,https://app.joinhandshake.com/jobs/9166977,,,Part-Time,UI/UX Designer Intern,2024-08-05T02:41:56.842-04:00,2025-01-01T01:00:00.000-05:00,2024-08-05T01:00:00.000-04:00
"Resilience, Inc.",https://app.joinhandshake.com/jobs/8948969,,,Part-Time,VR Developer Intern,2024-05-03T17:50:45.803-04:00,2024-11-03T08:00:00.000-05:00,2024-05-03T09:00:00.000-04:00
Horizon Labs,https://app.joinhandshake.com/jobs/9166978,,,Part-Time,Product Manager Intern,2024-08-05T02:50:18.886-04:00,2025-01-01T01:00:00.000-05:00,2024-08-05T01:00:00.000-04:00
"Resilience, Inc.",https://app.joinhandshake.com/jobs/8879061,,,Part-Time,Google Drive and Email Manager,2024-04-10T17:37:36.095-04:00,2024-10-10T09:00:00.000-04:00,2024-04-10T09:00:00.000-04:00
Auxi,https://app.joinhandshake.com/jobs/9200481,,,Full-Time,Junior Account Executive,2024-08-14T19:55:01.421-04:00,2024-09-30T06:00:00.000-04:00,2024-08-14T06:00:00.000-04:00
Trip.com Group,https://app.joinhandshake.com/jobs/9257374,,Shanghai,Full-Time,AI Trainer（Minor languages）【For Chinese students or non-Chinese students studying in China】,2024-09-03T02:31:41.547-04:00,2025-03-02T17:00:00.000-05:00,2024-09-02T18:00:00.000-04:00
Manifest,https://app.joinhandshake.com/jobs/9059630,,,Full-Time,Social Media Manager,2024-06-20T12:43:34.703-04:00,2024-12-27T06:00:00.000-05:00,2024-06-20T06:00:00.000-04:00
"Resilience, Inc.",https://app.joinhandshake.com/jobs/8879455,,,Part-Time,Research and Development Coordinator,2024-04-10T20:45:28.781-04:00,2024-10-10T09:00:00.000-04:00,2024-04-10T09:00:00.000-04:00
"Resilience, Inc.",https://app.joinhandshake.com/jobs/8879420,,,Part-Time,App Development Coordinator,2024-04-10T20:12:34.698-04:00,2024-10-10T09:00:00.000-04:00,2024-04-10T09:00:00.000-04:00
Amazon,https://app.joinhandshake.com/jobs/9318381,Virginia,Suffolk,Full-Time,"Amazon Fulfillment Center Associate- Suffolk, VA",2024-09-19T13:30:26.295-04:00,2025-03-19T06:00:00.000-04:00,2024-09-19T06:00:00.000-04:00
Alignerr,https://app.joinhandshake.com/jobs/9320901,,,Part-Time,"AI Trainer for Probability & Statistics (Freelance, Remote)",2024-09-20T09:31:12.415-04:00,2024-12-01T06:00:00.000-05:00,2024-09-20T06:00:00.000-04:00
"AA Software & Networking, Inc.",https://app.joinhandshake.com/jobs/8845314,Texas,Dallas,Full-Time,Junior 5G Core Engineer,2024-04-01T12:04:19.601-04:00,2024-09-30T20:30:00.000-04:00,2024-03-31T20:30:00.000-04:00
"Google, Inc.",https://app.joinhandshake.com/jobs/9227375,California,San Francisco,Full-Time,"Account Strategist, Mid-Market Sales, Google Customer Solutions (SF/Redwood City)",2024-08-22T19:35:13.538-04:00,2024-11-22T09:00:00.000-05:00,2024-08-22T09:00:00.000-04:00
Direct Supply,https://app.joinhandshake.com/jobs/9090831,Wisconsin,Milwaukee,Full-Time,"Manager, Supply Chain",2024-07-03T18:18:39.381-04:00,2025-01-03T07:00:00.000-05:00,2024-07-03T07:00:00.000-04:00
Roulettech Inc.,https://app.joinhandshake.com/jobs/9053134,,,Part-Time,UI/UX Design Intern,2024-06-26T17:07:33.751-04:00,2024-12-18T06:00:00.000-05:00,2024-06-18T06:00:00.000-04:00
Dynamo Software,https://app.joinhandshake.com/jobs/9313417,England,London,Full-Time,Business Development Representative,2024-09-18T12:04:50.116-04:00,2024-11-01T06:00:00.000-04:00,2024-09-18T06:00:00.000-04:00
The Creative Bomb,https://app.joinhandshake.com/jobs/9093483,,,Part-Time,Sales Engineer (Intern),2024-07-07T19:02:50.368-04:00,2025-01-07T06:00:00.000-05:00,2024-07-07T06:00:00.000-04:00
Alignerr,https://app.joinhandshake.com/jobs/9304790,,,Part-Time,"AI Trainer for French Writers/Speakers (Freelance, Remote)",2024-09-16T12:58:22.023-04:00,2024-12-01T06:00:00.000-05:00,2024-09-16T06:00:00.000-04:00
Roulettech Inc.,https://app.joinhandshake.com/jobs/9053133,,,Part-Time,Marketing Analyst Intern,2024-07-07T02:18:32.327-04:00,2024-12-18T07:00:00.000-05:00,2024-06-18T07:00:00.000-04:00
Trip.com Group,https://app.joinhandshake.com/jobs/9257404,,Shanghai,Full-Time,Product Management（Point of Interest）【Only for non-Chinese students studying in China】,2024-09-03T03:34:14.576-04:00,2025-03-02T17:00:00.000-05:00,2024-09-02T18:00:00.000-04:00
SkaiKru Energy,https://app.joinhandshake.com/jobs/8835967,South Carolina,Columbia,Full-Time,2024 Internship Program,2024-04-21T08:49:29.485-04:00,2024-09-27T06:00:00.000-04:00,2024-03-27T06:00:00.000-04:00
"Resilience, Inc.",https://app.joinhandshake.com/jobs/8883432,,,Part-Time,Training and Leadership Development Coordinator,2024-04-11T18:29:11.898-04:00,2024-10-11T09:00:00.000-04:00,2024-04-11T09:00:00.000-04:00
Trip.com Group,https://app.joinhandshake.com/jobs/9257390,,Shanghai,Full-Time,UX Designer（For Chinese students or non-Chinese students studying in China）,2024-09-03T03:10:10.660-04:00,2025-03-02T17:00:00.000-05:00,2024-09-02T18:00:00.000-04:00
fundae Software Inc,https://app.joinhandshake.com/jobs/8878044,,,Part-Time,Marketing Co-Op,2024-04-10T15:15:47.450-04:00,2024-10-10T06:00:00.000-04:00,2024-04-10T06:00:00.000-04:00
Verkada,https://app.joinhandshake.com/jobs/9216165,California,San Mateo,Full-Time,Product Design Mechanical Engineer (Winter Co-Op),2024-08-20T14:01:12.349-04:00,2024-10-25T09:00:00.000-04:00,2024-08-20T09:00:00.000-04:00
Horizon Labs,https://app.joinhandshake.com/jobs/9166986,,,Full-Time,Human Resource Intern,2024-08-05T03:08:46.022-04:00,2025-01-01T01:00:00.000-05:00,2024-08-05T01:00:00.000-04:00
Alignerr,https://app.joinhandshake.com/jobs/9304723,,,Part-Time,"AI Trainer for Brazilian Portuguese Writers/Speakers (Freelance, Remote)",2024-09-16T12:49:46.301-04:00,2024-12-01T06:00:00.000-05:00,2024-09-16T06:00:00.000-04:00
Manifest,https://app.joinhandshake.com/jobs/9059442,,,Full-Time,Graphic Designer,2024-06-20T12:08:21.126-04:00,2024-12-27T06:00:00.000-05:00,2024-06-20T06:00:00.000-04:00
Trip.com Group,https://app.joinhandshake.com/jobs/9257395,,Shanghai,Full-Time,Customer Service Experience Management（Only for non-Chinese students studying in China）,2024-09-03T03:16:41.358-04:00,2025-03-02T17:00:00.000-05:00,2024-09-02T18:00:00.000-04:00
Bespoke Inc.,https://app.joinhandshake.com/jobs/9033298,,,Part-Time,Chatbot Content Writers and Operation,2024-06-10T01:46:48.179-04:00,2024-12-19T16:00:00.000-05:00,2024-06-09T17:00:00.000-04:00
Horizon Labs,https://app.joinhandshake.com/jobs/9223345,,,Full-Time,Human Resource (HR) Intern - Full time remote,2024-08-22T03:13:16.721-04:00,2025-01-01T01:00:00.000-05:00,2024-08-22T01:00:00.000-04:00
"Computer Packages, Inc.",https://app.joinhandshake.com/jobs/9003874,Maryland,Rockville,Full-Time,Accounting Administrator,2024-05-28T11:54:44.844-04:00,2024-11-28T06:00:00.000-05:00,2024-05-28T06:00:00.000-04:00
Verse,https://app.joinhandshake.com/jobs/9196050,,,Part-Time,Content Creator Intern,2024-08-13T18:50:41.864-04:00,2025-02-13T06:00:00.000-05:00,2024-08-13T06:00:00.000-04:00
Riveting Technology,https://app.joinhandshake.com/jobs/9324354,,,Part-Time,Paralegal (Document Review),2024-09-21T17:44:02.338-04:00,2025-03-21T06:00:00.000-04:00,2024-09-21T06:00:00.000-04:00
Alignerr,https://app.joinhandshake.com/jobs/9304670,,,Part-Time,"AI Trainer for Italian Writers/Speakers (Freelance, Remote)",2024-09-16T12:41:01.000-04:00,2024-12-01T06:00:00.000-05:00,2024-09-16T06:00:00.000-04:00
"Resilience, Inc.",https://app.joinhandshake.com/jobs/8879007,,,Part-Time,IT Coordinator,2024-04-10T17:24:39.770-04:00,2024-10-10T09:00:00.000-04:00,2024-04-10T09:00:00.000-04:00
Assists Corp,https://app.joinhandshake.com/jobs/8865484,,,Full-Time,Video Editor,2024-04-05T16:46:23.194-04:00,2024-10-05T06:00:00.000-04:00,2024-04-05T06:00:00.000-04:00
Trip.com Group,https://app.joinhandshake.com/jobs/9257357,,Shanghai,Full-Time,Content Operation Specialist（For Chinese students or non-Chinese students studying in China）,2024-09-03T01:38:08.576-04:00,2025-03-02T17:00:00.000-05:00,2024-09-02T18:00:00.000-04:00
With Bytes,https://app.joinhandshake.com/jobs/9242218,,,Part-Time,Student Marketeer,2024-08-30T21:18:33.285-04:00,2025-02-27T09:00:00.000-05:00,2024-08-27T09:00:00.000-04:00
Horizon Labs,https://app.joinhandshake.com/jobs/9166981,,,Part-Time,Entrepreneur in Residence (EIR) Intern,2024-08-05T02:57:27.994-04:00,2025-01-01T01:00:00.000-05:00,2024-08-05T01:00:00.000-04:00
Dayforce,https://app.joinhandshake.com/jobs/9024027,,,Full-Time,Sales Intern 8 Months Fall 2024,2024-06-05T11:19:36.629-04:00,2024-12-05T06:00:00.000-05:00,2024-06-05T06:00:00.000-04:00
Amazon,https://app.joinhandshake.com/jobs/9194073,,,Full-Time,Hardware Development Engineer Winter Internship – 2025 (US),2024-08-13T14:03:09.804-04:00,2025-04-30T06:00:00.000-04:00,2024-08-13T06:00:00.000-04:00
"Google, Inc.",https://app.joinhandshake.com/jobs/9222793,Michigan,Ann Arbor,Full-Time,"Account Strategist, Mid-Market Sales, Google Customer Solutions (Ann Arbor)",2024-08-21T19:07:49.517-04:00,2024-11-21T09:00:00.000-05:00,2024-08-21T09:00:00.000-04:00
Alignerr,https://app.joinhandshake.com/jobs/9303821,,,Part-Time,"AI Trainer for Vietnamese Writers/Speakers (Freelance, Remote)",2024-09-16T10:28:55.047-04:00,2024-12-01T06:00:00.000-05:00,2024-09-16T06:00:00.000-04:00
"Computer Packages, Inc.",https://app.joinhandshake.com/jobs/9100164,Maryland,Rockville,Full-Time,Bookkeeper,2024-07-09T17:15:36.854-04:00,2025-01-09T06:00:00.000-05:00,2024-07-09T06:00:00.000-04:00
Assists Corp,https://app.joinhandshake.com/jobs/8864021,Illinois,Chicago,Full-Time,Account Manager,2024-04-05T13:16:05.669-04:00,2024-10-05T06:00:00.000-04:00,2024-04-05T06:00:00.000-04:00
Tanbii,https://app.joinhandshake.com/jobs/8978961,,,Part-Time,Content Writer Intern - Sustainability Eco-Game Startup - VC Backed,2024-05-15T17:37:22.231-04:00,2024-11-15T09:00:00.000-05:00,2024-05-15T09:00:00.000-04:00
Verkada,https://app.joinhandshake.com/jobs/9216237,California,San Mateo,Full-Time,Hardware Engineer (Winter Co-Op),2024-08-20T14:10:06.720-04:00,2024-10-25T09:00:00.000-04:00,2024-08-20T09:00:00.000-04:00
"Sun Net, Inc.",https://app.joinhandshake.com/jobs/8991539,California,San Jose,Part-Time,Project and Office Assistant,2024-05-21T13:58:13.900-04:00,2024-11-21T09:00:00.000-05:00,2024-05-21T09:00:00.000-04:00
Verkada,https://app.joinhandshake.com/jobs/9229946,California,San Mateo,Full-Time,Compliance Engineer (Winter Co-op),2024-08-23T14:16:01.016-04:00,2024-10-25T09:00:00.000-04:00,2024-08-23T09:00:00.000-04:00
Trip.com Group,https://app.joinhandshake.com/jobs/9257402,,Shanghai,Full-Time,UX writer（Only for non-Chinese students studying in China）,2024-09-03T03:31:45.881-04:00,2025-03-02T17:00:00.000-05:00,2024-09-02T18:00:00.000-04:00
Coding with Kids,https://app.joinhandshake.com/jobs/9139607,Colorado,Denver,Part-Time,After School Teacher: Coding Instructor,2024-07-24T19:35:18.176-04:00,2025-01-24T09:00:00.000-05:00,2024-07-24T09:00:00.000-04:00
"Resilience, Inc.",https://app.joinhandshake.com/jobs/8879459,,,Part-Time,Mechanical Engineer,2024-04-10T20:49:31.687-04:00,2024-10-10T09:00:00.000-04:00,2024-04-10T09:00:00.000-04:00
Horizon Labs,https://app.joinhandshake.com/jobs/9223324,,,Part-Time,Entrepreneur in Residence Intern - Part time remote,2024-08-22T02:38:52.420-04:00,2025-01-01T01:00:00.000-05:00,2024-08-22T01:00:00.000-04:00
Assists Corp,https://app.joinhandshake.com/jobs/8863729,,,Full-Time,Partnerships Associate,2024-04-05T12:31:03.618-04:00,2024-10-05T06:00:00.000-04:00,2024-04-05T06:00:00.000-04:00
Verkada,https://app.joinhandshake.com/jobs/9251577,California,San Mateo,Full-Time,Hardware Engineer Program Manager (Winter Co-op),2024-08-29T18:41:43.208-04:00,2024-11-01T09:00:00.000-04:00,2024-08-29T09:00:00.000-04:00
"Resilience, Inc.",https://app.joinhandshake.com/jobs/9277659,,,Part-Time,Self Governance & Compliance Financial Analyst,2024-09-08T22:19:23.187-04:00,2024-12-31T06:00:00.000-05:00,2024-09-08T06:00:00.000-04:00
Horizon Labs,https://app.joinhandshake.com/jobs/9223343,,,Part-Time,Content Marketing Intern - Part time remote,2024-08-22T03:09:32.346-04:00,2025-01-01T01:00:00.000-05:00,2024-08-22T01:00:00.000-04:00
Alignerr,https://app.joinhandshake.com/jobs/9304705,,,Part-Time,"AI Trainer for Korean Writers/Speakers (Freelance, Remote)",2024-09-16T12:54:26.453-04:00,2024-12-01T06:00:00.000-05:00,2024-09-16T06:00:00.000-04:00
With Bytes,https://app.joinhandshake.com/jobs/9243783,,,Part-Time,Social Media Content Creator Intern,2024-08-30T21:05:03.745-04:00,2025-02-28T06:00:00.000-05:00,2024-08-28T06:00:00.000-04:00
Trip.com Group,https://app.joinhandshake.com/jobs/9242501,,Shanghai,Full-Time,BD Manager（Only for non-Chinese students studying in China）,2024-08-28T05:11:31.752-04:00,2025-02-27T17:00:00.000-05:00,2024-08-27T18:00:00.000-04:00
Trip.com Group,https://app.joinhandshake.com/jobs/9257353,,Shanghai,Full-Time,Business Operation Associate（Minor Languages）【Only for Chinese students】,2024-09-03T01:28:28.180-04:00,2025-03-02T17:00:00.000-05:00,2024-09-02T18:00:00.000-04:00
Shepherd,https://app.joinhandshake.com/jobs/9297589,,,Part-Time,Viral Content Creator,2024-09-12T16:41:14.183-04:00,2024-09-30T07:00:00.000-04:00,2024-09-12T07:00:00.000-04:00
Riveting Technology,https://app.joinhandshake.com/jobs/9154554,District of Columbia,Washington,Part-Time,Legal Intern,2024-07-31T02:40:10.734-04:00,2025-01-30T08:00:00.000-05:00,2024-07-30T09:00:00.000-04:00
"Resilience, Inc.",https://app.joinhandshake.com/jobs/8883552,,,Part-Time,Curriculum Development Coordinator,2024-04-11T19:18:10.975-04:00,2024-10-11T09:00:00.000-04:00,2024-04-11T09:00:00.000-04:00
Navattic,https://app.joinhandshake.com/jobs/9233901,,,Full-Time,Training & Demo Enablement Lead,2024-08-26T12:41:22.425-04:00,2024-10-31T06:00:00.000-04:00,2024-08-26T06:00:00.000-04:00
Live Sitter,https://app.joinhandshake.com/jobs/8913303,,,Part-Time,Sales and Business Development Intern,2024-04-22T17:17:18.813-04:00,2024-10-22T06:00:00.000-04:00,2024-04-22T06:00:00.000-04:00
"Resilience, Inc.",https://app.joinhandshake.com/jobs/8921547,,,Part-Time,Human Resources Project Manager,2024-04-24T17:39:32.448-04:00,2024-10-24T09:00:00.000-04:00,2024-04-24T09:00:00.000-04:00
Trip.com Group,https://app.joinhandshake.com/jobs/9257405,,Shanghai,Full-Time,Product Management（Geographical Information）【Only for non-Chinese students studying in China】,2024-09-03T03:37:02.358-04:00,2025-03-02T17:00:00.000-05:00,2024-09-02T18:00:00.000-04:00
Trip.com Group,https://app.joinhandshake.com/jobs/9257407,,Shanghai,Full-Time,Product Trainee（Spain Train）【Only for non-Chinese students studying in China】,2024-09-03T03:39:19.197-04:00,2025-03-02T17:00:00.000-05:00,2024-09-02T18:00:00.000-04:00
Horizon Labs,https://app.joinhandshake.com/jobs/9166979,,,Part-Time,Human Resource Intern,2024-08-05T02:54:09.388-04:00,2025-01-01T01:00:00.000-05:00,2024-08-05T01:00:00.000-04:00
Alignerr,https://app.joinhandshake.com/jobs/9320925,,,Part-Time,"AI Trainer for Physics (Freelance, Remote)",2024-09-20T09:35:51.394-04:00,2024-12-01T06:00:00.000-05:00,2024-09-20T06:00:00.000-04:00
Motive,https://app.joinhandshake.com/jobs/9042513,Tennessee,Nashville,Full-Time,"Sales Development Representative, Emerging Mid-Market",2024-06-12T17:10:38.360-04:00,2024-12-12T07:00:00.000-05:00,2024-06-12T07:00:00.000-04:00
Alignerr,https://app.joinhandshake.com/jobs/9304690,,,Part-Time,"AI Trainer for Japanese Writers/Speakers (Freelance, Remote)",2024-09-16T12:43:39.317-04:00,2024-12-01T06:00:00.000-05:00,2024-09-16T06:00:00.000-04:00
"BetterSocial, Public Benefits Corporation",https://app.joinhandshake.com/jobs/8840127,,,Part-Time,Global Student Marketing Leader,2024-03-29T15:44:15.891-04:00,2024-09-28T09:00:00.000-04:00,2024-03-28T09:00:00.000-04:00
Tanbii,https://app.joinhandshake.com/jobs/8803505,,,Part-Time,Sustainability Gaming Product Intern - Growth,2024-05-15T17:47:30.999-04:00,2024-10-31T09:00:00.000-04:00,2024-03-18T09:00:00.000-04:00
Trip.com Group,https://app.joinhandshake.com/jobs/9257358,,Shanghai,Full-Time,Marketing Specialist（Minor Languages）【Only for Chinese students】,2024-09-03T01:43:53.374-04:00,2025-03-02T17:00:00.000-05:00,2024-09-02T18:00:00.000-04:00
Trip.com Group,https://app.joinhandshake.com/jobs/9257398,,Beijing,Full-Time,Business Partnership（Only for Chinese students）,2024-09-03T03:24:04.307-04:00,2025-03-02T17:00:00.000-05:00,2024-09-02T18:00:00.000-04:00
"Resilience, Inc.",https://app.joinhandshake.com/jobs/8879128,,,Part-Time,Game Development Coordinator,2024-04-10T17:52:48.998-04:00,2024-10-10T09:00:00.000-04:00,2024-04-10T09:00:00.000-04:00
"Resilience, Inc.",https://app.joinhandshake.com/jobs/8883524,,,Part-Time,Creative Writer,2024-04-11T19:02:41.014-04:00,2024-10-11T09:00:00.000-04:00,2024-04-11T09:00:00.000-04:00
Trip.com Group,https://app.joinhandshake.com/jobs/9257360,,Shanghai,Full-Time,Procedure Supervisor（Only for Chinese students）,2024-09-03T01:51:47.065-04:00,2025-03-02T17:00:00.000-05:00,2024-09-02T18:00:00.000-04:00
"Sun Net, Inc.",https://app.joinhandshake.com/jobs/8989506,California,San Jose,Part-Time,Financial Assistant,2024-05-20T18:55:01.117-04:00,2024-11-20T09:00:00.000-05:00,2024-05-20T09:00:00.000-04:00
"Resilience, Inc.",https://app.joinhandshake.com/jobs/9012637,,,Part-Time,Voice Actor ,2024-05-30T20:56:43.869-04:00,2024-11-30T09:00:00.000-05:00,2024-05-30T09:00:00.000-04:00
Alignerr,https://app.joinhandshake.com/jobs/9303769,,,Part-Time,"AI Trainer for German Writers/Speakers (Freelance, Remote)",2024-09-16T10:27:50.930-04:00,2024-12-01T06:00:00.000-05:00,2024-09-16T06:00:00.000-04:00
"Resilience, Inc.",https://app.joinhandshake.com/jobs/8883448,,,Part-Time,Training and Leadership Development Trainer,2024-04-11T18:34:12.723-04:00,2024-10-11T09:00:00.000-04:00,2024-04-11T09:00:00.000-04:00
"PureMaven, Inc.",https://app.joinhandshake.com/jobs/8305240,New York,New York,Part-Time,Marketing & Growth Intern - Remote,2023-10-30T21:22:06.780-04:00,2024-09-30T06:00:00.000-04:00,2023-10-02T06:00:00.000-04:00
"Resilience, Inc.",https://app.joinhandshake.com/jobs/8883516,,,Part-Time,Curriculum Development Content Writer,2024-04-11T18:58:42.578-04:00,2024-10-11T09:00:00.000-04:00,2024-04-11T09:00:00.000-04:00
Chowbus,https://app.joinhandshake.com/jobs/9225995,New York,New York,Full-Time,Technical Support Assistant_Mandarin Speaking,2024-08-22T15:04:14.839-04:00,2024-12-31T06:00:00.000-05:00,2024-08-22T06:00:00.000-04:00
Horizon Labs,https://app.joinhandshake.com/jobs/9223312,,,Full-Time,Entrepreneur in Residence Intern - Full time remote,2024-08-22T02:10:45.530-04:00,2025-01-01T01:00:00.000-05:00,2024-08-22T01:00:00.000-04:00
Trip.com Group,https://app.joinhandshake.com/jobs/9257387,,Shanghai,Full-Time,Business Operation（Only for Chinese students）,2024-09-03T03:03:57.530-04:00,2025-03-02T17:00:00.000-05:00,2024-09-02T18:00:00.000-04:00
Trip.com Group,https://app.joinhandshake.com/jobs/9257352,,Shanghai,Full-Time,User Operations（Only for Chinese students）,2024-09-03T01:25:14.619-04:00,2025-03-02T17:00:00.000-05:00,2024-09-02T18:00:00.000-04:00
BluChip,https://app.joinhandshake.com/jobs/9087115,,,Part-Time,BluChip Ambassador Internship for Student-Athletes,2024-07-02T16:03:41.017-04:00,2025-01-02T06:00:00.000-05:00,2024-07-02T06:00:00.000-04:00
Information Technology Industry Council (ITI),https://app.joinhandshake.com/jobs/9247912,District of Columbia,Washington,Part-Time,Policy Communications and Marketing Fellow,2024-08-29T10:19:02.061-04:00,2024-09-30T06:00:00.000-04:00,2024-08-29T06:00:00.000-04:00
Trip.com Group,https://app.joinhandshake.com/jobs/9257385,,Shanghai,Full-Time,Business Partnership（Only for Chinese students）,2024-09-03T03:02:23.978-04:00,2025-03-02T17:00:00.000-05:00,2024-09-02T18:00:00.000-04:00
Trip.com Group,https://app.joinhandshake.com/jobs/9257378,,Shanghai,Full-Time,Eagle Program Trainee-Campaign Operation（Only for Chinese students）,2024-09-03T02:43:41.145-04:00,2025-03-02T17:00:00.000-05:00,2024-09-02T18:00:00.000-04:00
"Resilience, Inc.",https://app.joinhandshake.com/jobs/9109785,,,Part-Time,Cartoon Artist,2024-07-12T15:29:53.883-04:00,2025-01-12T09:00:00.000-05:00,2024-07-12T09:00:00.000-04:00
Trip.com Group,https://app.joinhandshake.com/jobs/9257368,,Shanghai,Full-Time,Work Force Operation Specialist（Only for Chinese students）,2024-09-03T02:12:33.945-04:00,2025-03-02T17:00:00.000-05:00,2024-09-02T18:00:00.000-04:00
"Computer Packages, Inc.",https://app.joinhandshake.com/jobs/9230237,Maryland,Rockville,Full-Time,Accounting Representative,2024-08-23T14:57:36.094-04:00,2025-02-23T06:00:00.000-05:00,2024-08-23T06:00:00.000-04:00
The Creative Bomb,https://app.joinhandshake.com/jobs/9093446,,,Part-Time,Sales and Marketing Position is Open,2024-07-07T16:58:29.079-04:00,2025-01-07T06:00:00.000-05:00,2024-07-07T06:00:00.000-04:00
"Resilience, Inc.",https://app.joinhandshake.com/jobs/8883541,,,Part-Time,Social Emotional Learning (SEL) Consultant,2024-04-11T19:12:23.488-04:00,2024-10-11T09:00:00.000-04:00,2024-04-11T09:00:00.000-04:00
The Creative Bomb,https://app.joinhandshake.com/jobs/9102090,,,Part-Time,Sales and Marketing (Base salary + Commission),2024-07-10T12:12:04.803-04:00,2025-01-10T06:00:00.000-05:00,2024-07-10T06:00:00.000-04:00
Horizon Labs,https://app.joinhandshake.com/jobs/9166976,,,Part-Time,Content Marketing Intern,2024-08-05T02:39:47.686-04:00,2025-01-01T01:00:00.000-05:00,2024-08-05T01:00:00.000-04:00
Trip.com Group,https://app.joinhandshake.com/jobs/9257406,,Shanghai,Full-Time,Product Operation（Point of Interest）【Only for non-Chinese students studying in China】,2024-09-03T03:37:07.799-04:00,2025-03-02T17:00:00.000-05:00,2024-09-02T18:00:00.000-04:00
Horizon Labs,https://app.joinhandshake.com/jobs/9166984,,,Full-Time,Content Marketing Intern,2024-08-05T03:05:26.717-04:00,2025-01-01T01:00:00.000-05:00,2024-08-05T01:00:00.000-04:00
Banyan Technology Inc,https://app.joinhandshake.com/jobs/9142135,Ohio,Westlake,Part-Time,Marketing Specialist Intern,2024-07-25T15:15:40.908-04:00,2025-01-25T06:00:00.000-05:00,2024-07-25T06:00:00.000-04:00
DRB,https://app.joinhandshake.com/jobs/9247472,Ohio,Akron,Part-Time,Tax Internship,2024-08-29T09:01:35.921-04:00,2025-02-28T06:00:00.000-05:00,2024-08-29T06:00:00.000-04:00
Trip.com Group,https://app.joinhandshake.com/jobs/9257359,,Shanghai,Full-Time,Central Trainer（Only for Chinese students）,2024-09-03T01:47:24.931-04:00,2025-03-02T17:00:00.000-05:00,2024-09-02T18:00:00.000-04:00
Direct Supply,https://app.joinhandshake.com/jobs/9090792,Wisconsin,Milwaukee,Full-Time,Operations Specialist TELS Services,2024-07-03T18:02:38.478-04:00,2025-01-03T07:00:00.000-05:00,2024-07-03T07:00:00.000-04:00
Tanbii,https://app.joinhandshake.com/jobs/8979267,,,Part-Time,Global Product Marketing Internship,2024-05-15T19:12:33.778-04:00,2024-11-15T09:00:00.000-05:00,2024-05-15T09:00:00.000-04:00
Information Technology Industry Council (ITI),https://app.joinhandshake.com/jobs/8830332,District of Columbia,Washington,Part-Time,Marketing and Communications Fellow,2024-03-26T15:19:46.232-04:00,2024-09-26T06:00:00.000-04:00,2024-03-26T06:00:00.000-04:00
Direct Supply,https://app.joinhandshake.com/jobs/9031871,Wisconsin,Milwaukee,Full-Time,Operations Specialist Customer Care,2024-06-07T14:51:44.365-04:00,2024-12-07T07:00:00.000-05:00,2024-06-07T07:00:00.000-04:00
AT Worthy,https://app.joinhandshake.com/jobs/8953760,,,Part-Time,Digital Marketing Intern,2024-05-06T22:41:35.359-04:00,2024-11-06T06:00:00.000-05:00,2024-05-06T06:00:00.000-04:00
Trip.com Group,https://app.joinhandshake.com/jobs/9257389,,Shanghai,Full-Time,UI Designer（Minor Languages）【For Chinese students or non-Chinese students studying in China】,2024-09-03T03:07:47.923-04:00,2025-03-02T17:00:00.000-05:00,2024-09-02T18:00:00.000-04:00
"Resilience, Inc.",https://app.joinhandshake.com/jobs/8900720,,,Part-Time,Recruiting Team Intern,2024-04-17T16:49:35.846-04:00,2024-10-17T09:00:00.000-04:00,2024-04-17T09:00:00.000-04:00
"Resilience, Inc.",https://app.joinhandshake.com/jobs/8879438,,,Part-Time,Self Governance & Compliance Project manager,2024-04-10T20:24:21.226-04:00,2024-10-10T09:00:00.000-04:00,2024-04-10T09:00:00.000-04:00
"Resilience, Inc.",https://app.joinhandshake.com/jobs/9277674,,,Part-Time,Self Governance & Compliance Associates,2024-09-08T23:02:21.443-04:00,2024-12-08T06:00:00.000-05:00,2024-09-08T06:00:00.000-04:00
"Resilience, Inc.",https://app.joinhandshake.com/jobs/8883548,,,Part-Time,Comic Writer,2024-04-11T19:15:19.040-04:00,2024-10-11T09:00:00.000-04:00,2024-04-11T09:00:00.000-04:00
"Resilience, Inc.",https://app.joinhandshake.com/jobs/8883500,,,Part-Time,AIMEE Coordinator,2024-04-11T18:53:44.858-04:00,2024-10-11T09:00:00.000-04:00,2024-04-11T09:00:00.000-04:00
"Resilience, Inc.",https://app.joinhandshake.com/jobs/8967859,,,Part-Time,Grant Writer Intern,2024-05-10T15:56:23.424-04:00,2024-11-10T09:00:00.000-05:00,2024-05-10T09:00:00.000-04:00
"Computer Packages, Inc.",https://app.joinhandshake.com/jobs/9070495,Maryland,Rockville,Full-Time,Client Representative,2024-06-25T15:27:43.840-04:00,2024-12-25T06:00:00.000-05:00,2024-06-25T06:00:00.000-04:00
D3 Systems,https://app.joinhandshake.com/jobs/9136325,Virginia,McLean,Full-Time,Contracting  and Financial Operations Specialist,2024-07-24T06:36:01.354-04:00,2024-09-30T06:00:00.000-04:00,2024-07-24T06:00:00.000-04:00
"Resilience, Inc.",https://app.joinhandshake.com/jobs/9277660,,,Part-Time,Grants & Contract Specialist,2024-09-08T22:29:54.563-04:00,2025-03-08T06:00:00.000-05:00,2024-09-08T06:00:00.000-04:00
Trip.com Group,https://app.joinhandshake.com/jobs/9257370,,Shanghai,Full-Time,Recruiting Supervisor（Only for Chinese students）,2024-09-03T02:15:35.918-04:00,2025-03-02T17:00:00.000-05:00,2024-09-02T18:00:00.000-04:00
adMarketplace,https://app.joinhandshake.com/jobs/9209050,New York,New York,Full-Time,Publisher Account Manager,2024-08-18T13:12:51.712-04:00,2025-02-18T06:00:00.000-05:00,2024-08-18T06:00:00.000-04:00
Thrillzz,https://app.joinhandshake.com/jobs/8976197,Tennessee,Franklin,Part-Time,Social Media Intern,2024-05-15T02:18:54.263-04:00,2024-11-14T23:00:00.000-05:00,2024-05-14T23:00:00.000-04:00
Angi,https://app.joinhandshake.com/jobs/8851835,,,Full-Time,Inside Sales Representative,2024-04-02T16:06:58.743-04:00,2024-12-31T07:00:00.000-05:00,2024-04-02T07:00:00.000-04:00
"Resilience, Inc.",https://app.joinhandshake.com/jobs/8967882,,,Part-Time,Grant Senior Advisor,2024-05-10T16:01:40.011-04:00,2024-11-10T09:00:00.000-05:00,2024-05-10T09:00:00.000-04:00
Direct Supply,https://app.joinhandshake.com/jobs/9154046,Wisconsin,Milwaukee,Full-Time,Senior Technology Procurement Manager,2024-07-30T17:55:57.098-04:00,2025-01-30T07:00:00.000-05:00,2024-07-30T07:00:00.000-04:00
"Resilience, Inc.",https://app.joinhandshake.com/jobs/9195827,,,Part-Time,SELENA Connections Curriculum Specialist,2024-08-13T17:41:14.550-04:00,2024-12-31T07:00:00.000-05:00,2024-08-13T07:00:00.000-04:00
Trip.com Group,https://app.joinhandshake.com/jobs/9257384,,Shanghai,Full-Time,Product Operations（Only for Chinese students）,2024-09-03T02:59:31.020-04:00,2025-03-02T17:00:00.000-05:00,2024-09-02T18:00:00.000-04:00
"Resilience, Inc.",https://app.joinhandshake.com/jobs/8883475,,,Part-Time,Graphic Designer,2024-04-11T18:43:30.046-04:00,2024-10-11T09:00:00.000-04:00,2024-04-11T09:00:00.000-04:00
"Resilience, Inc.",https://app.joinhandshake.com/jobs/8840066,,,Part-Time,Director of Curriculum Department,2024-03-28T19:17:14.290-04:00,2024-09-28T09:00:00.000-04:00,2024-03-28T09:00:00.000-04:00
Ellucian,https://app.joinhandshake.com/jobs/8868103,,,Part-Time,Ellucian Student Ambassador,2024-04-08T12:08:12.903-04:00,2024-12-31T06:00:00.000-05:00,2024-04-08T06:00:00.000-04:00
"BetterSocial, Public Benefits Corporation",https://app.joinhandshake.com/jobs/8827095,,,Part-Time,Helio - Graphic Design Intern,2024-03-29T15:44:12.698-04:00,2024-09-25T09:00:00.000-04:00,2024-03-25T09:00:00.000-04:00
Verkada,https://app.joinhandshake.com/jobs/9073885,Texas,Austin,Full-Time,Enterprise Development Representative,2024-06-26T15:49:06.941-04:00,2024-12-26T07:00:00.000-05:00,2024-06-26T07:00:00.000-04:00
Alias Technologies,https://app.joinhandshake.com/jobs/9269880,,,Part-Time,Video Editing Intern,2024-09-05T12:47:37.230-04:00,2025-03-05T09:00:00.000-05:00,2024-09-05T09:00:00.000-04:00
"Resilience, Inc.",https://app.joinhandshake.com/jobs/8883532,,,Part-Time,Curriculum Development Graphic Designer,2024-04-11T19:06:53.109-04:00,2024-10-11T09:00:00.000-04:00,2024-04-11T09:00:00.000-04:00
Roulettech Inc.,https://app.joinhandshake.com/jobs/9093159,,,Part-Time,Bilingual Video Editor Intern,2024-07-08T19:29:22.562-04:00,2025-01-06T07:00:00.000-05:00,2024-07-06T07:00:00.000-04:00
Direct Supply,https://app.joinhandshake.com/jobs/9153985,Wisconsin,Milwaukee,Full-Time,"Manager, Implementation & Integrations",2024-07-30T17:44:45.859-04:00,2025-01-30T07:00:00.000-05:00,2024-07-30T07:00:00.000-04:00
Frog Social App,https://app.joinhandshake.com/jobs/8946015,,,Part-Time,Artist Collaboration,2024-05-03T06:47:42.689-04:00,2024-11-03T01:00:00.000-05:00,2024-05-03T01:00:00.000-04:00
"Resilience, Inc.",https://app.joinhandshake.com/jobs/8967911,,,Part-Time,VR Sales Intern,2024-05-10T16:06:44.670-04:00,2024-11-10T09:00:00.000-05:00,2024-05-10T09:00:00.000-04:00
"Resilience, Inc.",https://app.joinhandshake.com/jobs/8900696,,,Part-Time,Sales Representative Intern,2024-04-17T16:46:32.045-04:00,2024-10-17T09:00:00.000-04:00,2024-04-17T09:00:00.000-04:00
Tanbii,https://app.joinhandshake.com/jobs/8979031,,,Part-Time,Social Media Marketing Intern - Sustainability Eco-Game Startup - VC Backed,2024-05-15T17:36:38.337-04:00,2024-11-15T09:00:00.000-05:00,2024-05-15T09:00:00.000-04:00
"Resilience, Inc.",https://app.joinhandshake.com/jobs/8879444,,,Part-Time,Self Governance and Compliance Coordinator,2024-04-10T20:30:18.802-04:00,2024-10-10T09:00:00.000-04:00,2024-04-10T09:00:00.000-04:00
With Bytes,https://app.joinhandshake.com/jobs/9256414,,,Part-Time,Content Creator & Social Media Marketing Intern,2024-09-01T12:57:57.594-04:00,2025-03-01T06:00:00.000-05:00,2024-09-01T06:00:00.000-04:00
"Resilience, Inc.",https://app.joinhandshake.com/jobs/8879433,,,Part-Time,Grant writer,2024-04-10T20:19:43.815-04:00,2024-10-10T09:00:00.000-04:00,2024-04-10T09:00:00.000-04:00
"Resilience, Inc.",https://app.joinhandshake.com/jobs/8967813,,,Part-Time,Outreach Intern,2024-05-10T15:46:42.573-04:00,2024-11-10T09:00:00.000-05:00,2024-05-10T09:00:00.000-04:00
"Resilience, Inc.",https://app.joinhandshake.com/jobs/8883481,,,Part-Time,Marketing and Advertising Coordinator,2024-04-11T18:47:12.043-04:00,2024-10-11T09:00:00.000-04:00,2024-04-11T09:00:00.000-04:00
"Resilience, Inc.",https://app.joinhandshake.com/jobs/9061748,,,Part-Time,Social Media Project Manager,2024-06-21T07:47:30.064-04:00,2024-12-21T09:00:00.000-05:00,2024-06-21T09:00:00.000-04:00
Alias Technologies,https://app.joinhandshake.com/jobs/9269611,,,Part-Time,Marketing Intern (Social Media),2024-09-05T12:15:42.244-04:00,2025-03-05T09:00:00.000-05:00,2024-09-05T09:00:00.000-04:00
Alias Technologies,https://app.joinhandshake.com/jobs/9269786,,,Part-Time,Graphic Design Intern,2024-09-05T12:36:01.331-04:00,2025-03-05T09:00:00.000-05:00,2024-09-05T09:00:00.000-04:00
Gabriel AI,https://app.joinhandshake.com/jobs/8726335,,,Part-Time,Sales Intern,2024-04-29T21:42:27.022-04:00,2025-01-16T10:00:00.000-05:00,2024-02-23T10:00:00.000-05:00
Shepherd,https://app.joinhandshake.com/jobs/9324398,,,Part-Time,Sales Representative,2024-09-21T22:30:05.129-04:00,2025-03-21T07:00:00.000-04:00,2024-09-21T07:00:00.000-04:00
Direct Supply,https://app.joinhandshake.com/jobs/9090826,Wisconsin,Milwaukee,Full-Time,Business Development Manager,2024-07-03T18:17:42.709-04:00,2025-01-03T07:00:00.000-05:00,2024-07-03T07:00:00.000-04:00
"Resilience, Inc.",https://app.joinhandshake.com/jobs/8879448,,,Part-Time,Video Editor,2024-04-10T20:34:57.950-04:00,2024-10-10T09:00:00.000-04:00,2024-04-10T09:00:00.000-04:00
"Resilience, Inc.",https://app.joinhandshake.com/jobs/8827041,,,Part-Time,Graphic Designer Intern,2024-03-25T20:12:36.907-04:00,2024-09-25T09:00:00.000-04:00,2024-03-25T09:00:00.000-04:00
"Def-Logix, Inc.",https://app.joinhandshake.com/jobs/9181925,Texas,San Antonio,Full-Time,Administrative Assistant,2024-08-08T14:45:37.600-04:00,2024-10-01T07:00:00.000-04:00,2024-08-08T07:00:00.000-04:00
"PureMaven, Inc.",https://app.joinhandshake.com/jobs/8305237,New York,New York,Part-Time,Marketing & Growth Intern - New York City,2023-10-30T21:19:33.187-04:00,2024-10-01T06:00:00.000-04:00,2023-10-02T06:00:00.000-04:00
"Resilience, Inc.",https://app.joinhandshake.com/jobs/9014585,,,Part-Time,Grant Writer Intern,2024-05-31T15:27:10.724-04:00,2024-11-30T09:00:00.000-05:00,2024-05-31T09:00:00.000-04:00
"Resilience, Inc.",https://app.joinhandshake.com/jobs/8883535,,,Part-Time,Curriculum Department Video Editor,2024-04-11T19:09:28.888-04:00,2024-10-11T09:00:00.000-04:00,2024-04-11T09:00:00.000-04:00
"PureMaven, Inc.",https://app.joinhandshake.com/jobs/8626151,New York,New York City,Part-Time,Marketing Intern - Social Media Creator (Remote or Hybrid),2024-01-26T13:17:53.326-05:00,2024-12-31T06:00:00.000-05:00,2024-01-26T06:00:00.000-05:00
"Resilience, Inc.",https://app.joinhandshake.com/jobs/8840071,,,Part-Time,Video Editor Intern,2024-03-28T19:19:33.765-04:00,2024-09-28T09:00:00.000-04:00,2024-03-28T09:00:00.000-04:00
"Resilience, Inc.",https://app.joinhandshake.com/jobs/8883493,,,Part-Time,Video Editor,2024-04-11T18:51:14.323-04:00,2024-10-11T09:00:00.000-04:00,2024-04-11T09:00:00.000-04:00
Direct Supply,https://app.joinhandshake.com/jobs/9029696,Wisconsin,Milwaukee,Full-Time,Account Executive-Capital Sales,2024-06-06T18:05:57.263-04:00,2024-12-06T07:00:00.000-05:00,2024-06-06T07:00:00.000-04:00
"Resilience, Inc.",https://app.joinhandshake.com/jobs/9128551,,,Part-Time,Public Relations Associate Intern,2024-07-21T06:49:51.346-04:00,2024-12-31T07:00:00.000-05:00,2024-07-21T07:00:00.000-04:00
